{
  "Component-preload.js": 1746431618694,
  "test/integration/FirstJourney.js": 1745996763143,
  "test/integration/pages/RisksList.js": 1745996763143,
  "test/integration/opaTests.qunit.js": 1745996763143,
  "test/integration/pages/RisksObjectPage.js": 1745996763143,
  "test/testsuite.qunit.js": 1745996763143,
  "xs-app.json": 1746431605395,
  "manifest.json": 1746431605403,
  "Component.js": 1745996763143,
  "test/integration/pages/RisksObjectPage-dbg.js": 1745996763143,
  "test/integration/pages/RisksObjectPage.js.map": 1746431618364,
  "test/integration/pages/RisksList-dbg.js": 1745996763143,
  "test/integration/pages/RisksList.js.map": 1746431618366,
  "test/integration/opaTests.qunit-dbg.js": 1745996763143,
  "test/integration/opaTests.qunit.js.map": 1746431618358,
  "test/integration/FirstJourney-dbg.js": 1745996763143,
  "test/integration/FirstJourney.js.map": 1746431618364,
  "test/testsuite.qunit-dbg.js": 1745996763143,
  "test/testsuite.qunit.js.map": 1746431618361,
  "Component-dbg.js": 1745996763143,
  "Component.js.map": 1746431618364,
  "i18n/i18n.properties": 1745996763143,
  "Component-preload.js.map": 1746431618694,
  "test/integration/opaTests.qunit.html": 1745996763143,
  "test/testsuite.qunit.html": 1745996763143,
  "test/flpSandbox.html": 1745996763143,
  "index.html": 1745996763143
}